pass	engine/snapshots	TestSnapshotManagerEnsuresLazyLeaseForCreateBoundaries/new	0.00
pass	engine/snapshots	TestSnapshotManagerEnsuresLazyLeaseForCreateBoundaries/merge	0.00
pass	engine/snapshots	TestSnapshotManagerEnsuresLazyLeaseForCreateBoundaries/commit	0.00
pass	engine/snapshots	TestSnapshotManagerEnsuresLazyLeaseForCreateBoundaries	0.00
pass	engine/engineutil	TestHostTunnelReusedConnectionID	0.01
pass	dagql	TestCacheArbitraryLateCleanupBlocksClose/success	0.00
pass	dagql	TestCacheArbitraryLateCleanupBlocksClose/release_error	0.00
pass	dagql	TestCacheArbitraryLateCleanupBlocksClose	0.00
pass	dagql	TestCacheArbitraryCancellationKeepsOtherWaiter	0.00
pass	dagql	TestCacheArbitraryLateCleanupKeepsReplacement	0.00
pass	dagql	TestCacheArbitraryCanceledWaiterTakesPublishedCleanup	0.00
pass	engine/engineutil	TestHostTunnelCloseUnblocksActiveConnections	0.00
pass	engine/engineutil	TestHostTunnelPeerCloseRetiresConnection	0.00
pass	engine/engineutil/imageexport	TestAssembledProviderLifetime/original	0.12
pass	engine/engineutil	TestPreparedImageCacheOwnsProvider	0.12
pass	engine/engineutil/imageexport	TestAssembledProviderLifetime/rewritten	0.12
pass	engine/engineutil/imageexport	TestAssembledProviderLifetime	0.25
pass	engine/engineutil/imageexport	(package)	0.26
pass	engine/engineutil	TestPreparedImageCanceledLateCompletion	0.10
pass	engine/engineutil	TestSetupNetworkUsesPoolForDefaultHostname	0.00
pass	engine/engineutil	TestSetupNetworkPassesCustomHostnameToNetworkProvider	0.00
pass	engine/engineutil	TestSetupNetworkKeepsInsecureExecsOutOfPool	0.00
pass	engine/engineutil	TestGitPackSpool	0.00
pass	engine/engineutil	TestGitPackSpoolRejectsAggregateOverflow	0.00
pass	engine/engineutil	TestGitPackCloseRemovesOwnedFiles	0.00
pass	engine/engineutil	TestDefToDAG/marshalling	0.00
pass	engine/engineutil	TestDefToDAG/modifications_+_marshalling	0.00
pass	engine/engineutil	TestDefToDAG/marshalling_inputs	0.00
pass	engine/engineutil	TestDefToDAG	0.00
pass	engine/engineutil	TestEmitExecSplitProducesLoaderShape	0.02
pass	engine/engineutil	TestEmitExecSplitSetupFailure	0.01
pass	engine/engineutil	TestTrie	0.00
pass	engine/engineutil	TestTrieExtend	0.00
pass	engine/engineutil	TestTrieReinsert	0.00
pass	engine/engineutil	TestScrubStringsRedactsSecret	0.00
pass	engine/engineutil	TestScrubStringsNilInputsPassthrough	0.00
pass	engine/engineutil	TestBoundProfArgvPreservesKeyTokens	0.00
pass	engine/engineutil	TestExecProfArgvEndToEnd	0.00
pass	engine/engineutil	TestConsumeRecursiveReadOnlyOption	0.00
pass	engine/engineutil	TestScrubSecretLogLatency/plain	0.00
pass	engine/engineutil	TestLoadSecretsToScrubFromEnv	0.00
pass	engine/engineutil	TestScrubSecretLogLatency/secret	0.00
pass	engine/engineutil	TestNestedClientParentUsesHeldScopeNotContextMetadata	0.00
pass	engine/engineutil	TestContainerNestedTransportManagerCloseDoesNotWaitForRegistration	0.00
pass	engine/engineutil	TestContainerNestedTransportManagerUsesExactHeaderlessProxyIdentity	0.00
pass	engine/engineutil	TestContainerNestedTransportsAreExactPerRequestClient	0.00
pass	engine/engineutil	TestScrubSecretLogLatency/secret_double	0.00
pass	engine/engineutil	TestScrubSecretLogLatency/secret_one_byte	0.00
pass	engine/engineutil	TestContainerNestedTransportManagerDoesNotCacheFailedRegistration	0.00
pass	engine/engineutil	TestScrubSecretLogLatency/secret_half	0.00
pass	engine/engineutil	TestScrubSecretWrite/multiline_secret	0.00
pass	engine/engineutil	TestSecretScrubWriterWrite/scrub_files_and_env	0.00
pass	engine/engineutil	TestScrubSecretLogLatency/eof	0.00
pass	engine/engineutil	TestLoadSecretsToScrubFromFiles	0.00
pass	engine/engineutil	TestScrubSecretWrite/single_line_secret	0.00
pass	engine/engineutil	TestSecretScrubWriterWrite/do_not_scrub_empty_env	0.00
pass	engine/engineutil	TestSecretScrubWriterWrite	0.00
pass	engine/engineutil	TestScrubSecretWrite/multi_write	0.00
pass	engine/engineutil	TestScrubSecretWrite	0.00
pass	engine/engineutil	TestScrubSecretLogLatency/massive	0.00
pass	engine/engineutil	TestScrubSecretLogLatency/massive_eof	0.00
pass	engine/engineutil	TestScrubSecretLogLatency	0.00
pass	engine/engineutil	TestContainerNestedTransportManagerJoinsInFlightRegistration	0.05
pass	engine/engineutil	(package)	0.35
pass	dagql	TestCacheCanonicalEquivalentSwapRacesSessionRelease	0.82
pass	dagql	TestDebugCacheSnapshotWithQueuedWriter/without-writer	0.01
pass	dagql	TestDebugCacheSnapshotWithQueuedWriter/with-writer	0.01
pass	dagql	TestDebugCacheSnapshotWithQueuedWriter	0.01
pass	dagql	TestDebugCacheSnapshotIncludesResultMetadata	0.00
pass	dagql	TestDebugCacheSnapshotIncludesCompletedArbitraryCalls	0.00
pass	dagql	TestCacheOutputEqClassInverseMixedSurvivor	0.00
pass	dagql	TestCacheOutputEqClassInverseExpiredOnlyDoesNotSurvive	0.00
pass	dagql	TestCacheOutputEqClassInverseMergeThenRemoval	0.00
pass	dagql	TestCacheOutputEqClassInverseForcedCompactionAndReset	0.00
pass	dagql	TestCacheReleaseCascadePreservesCallbacksAndCleansDerivedIndexes	0.00
pass	dagql	TestCacheExactDigestPostingRemoval	0.00
pass	dagql	TestCacheBroadImportedPostingRemoval	0.04
pass	dagql	TestCachePersistedFreshPruneCleansDerivedIndexes	0.00
pass	dagql	TestRemoteCacheExtraDigestMetadata/unmarked	0.01
pass	dagql	TestRemoteCacheExtraDigestMetadata/detached	0.01
pass	dagql	TestRemoteCacheExtraDigestMetadata/attached	0.02
pass	dagql	TestRemoteCacheExtraDigestMetadata	0.04
pass	dagql	TestLazyOperationCompatibilityCut	0.00
pass	dagql	TestCacheEvaluateRetriesForeignCancellation	0.00
pass	dagql	TestCacheEvaluateRetiresFinishedAttemptBeforeWaitersDrain	0.00
pass	dagql	TestCacheLazyAttemptDefersSessionCleanupUntilCallbackExit	0.00
pass	dagql	TestCacheEvaluateOwnCancellationOnlyCancelsOwnWait	0.00
pass	dagql	TestCacheEvaluatePropagatesCallbackFailure	0.00
pass	dagql	TestCacheEvaluateSettlesBookkeepingBeforeReportingComplete	0.00
pass	dagql	TestCacheEvaluatePendingBookkeepingSkipsUnclearedCallback	0.00
pass	dagql	TestCachePruneMetadataEstimateLogsOnlyAfterTrigger	0.00
pass	dagql	TestRemovePersistedEdgeRechecksUnpruneableAfterPlanning/mode-0	0.00
pass	dagql	TestRemovePersistedEdgeRechecksUnpruneableAfterPlanning/mode-1	0.00
pass	dagql	TestRemovePersistedEdgeRechecksUnpruneableAfterPlanning	0.00
pass	dagql	TestOfferPartsPreparationWindow/preparation_holds_references_across_collection	0.01
pass	dagql	TestOfferPartsPreparationWindow/new_offer_refused_after_preparation	0.01
pass	dagql	TestOfferPartsPreparationWindow/same-owner_refresh_refused_after_preparation	0.01
pass	engine/snapshots	TestSnapshotManagerRemoveLeaseDoesNotDeleteDuringAttachLease	1.00
pass	engine/snapshots	TestApplySnapshotDiffNilContract/nil_nil_returns_nil	0.00
pass	dagql	TestOfferPartsPreparationWindow/different-owner_replacement_refused_after_preparation	0.01
pass	dagql	TestOfferPartsPreparationWindow	0.04
pass	engine/snapshots	TestApplySnapshotDiffNilContract/nil_lower_reopens_upper_directly	0.00
pass	engine/snapshots	TestApplySnapshotDiffNilContract/equivalent_snapshots_produce_an_explicit_empty_diff	0.00
pass	engine/snapshots	TestApplySnapshotDiffNilContract/uses_content-aware_comparison	0.00
pass	engine/snapshots	TestApplySnapshotDiffNilContract	0.00
pass	engine/snapshots	TestMergeContract/nil_parents_returns_nil	0.00
pass	engine/snapshots	TestMergeContract/single_parent_reopens_directly	0.00
pass	engine/snapshots	TestMergeContract/nil_parents_are_ignored	0.00
pass	engine/snapshots	TestMergeContract/multiple_parents_materialize_ordered_full_snapshot_diffs	0.00
pass	engine/snapshots	TestMergeContract	0.00
pass	engine/snapshots	TestDisplayRef	0.00
pass	dagql	TestOfferSettlementReplacement/replacement_during_the_winning_acquisition_is_retired	0.24
pass	engine/snapshots	TestImportChainLocalStores	0.34
pass	dagql	TestOfferSettlementReplacement/acceptance_after_commit_is_already_complete	0.26
pass	engine/snapshots	TestImportChainSameManager/absent	0.16
pass	engine/snapshots	TestImportChainSameManager/scratch	0.19
pass	dagql	TestOfferSettlementReplacement/failed_sync_keeps_the_output,_not_the_acquisition_hold	0.23
pass	engine/snapshots	TestImportChainSameManager/empty	0.23
pass	engine/snapshots	TestImportChainSameManager/zero_layers	0.04
pass	engine/snapshots	TestImportChainSameManager	0.63
pass	dagql	TestOfferSettlementReplacement/failed_sync_keeps_the_output,_not_the_acquisition_hold,_with_a_back-reference_to_the_receiver	0.26
pass	dagql	TestOfferSettlementReplacement	1.00
pass	engine/snapshots	TestImportChainConcurrentPrefix	0.28
pass	dagql	TestOfferResourcesDoNotGateLookup	0.29
pass	dagql	TestCacheCloseWithShutdownError/seeded_cause_keeps_the_checkpoint_dirty	0.02
pass	dagql	TestCacheCloseWithShutdownError/nil_cause_closes_cleanly	0.02
pass	dagql	TestCacheCloseWithShutdownError/discarded_cache_ignores_a_later_cause	0.01
pass	dagql	TestCacheCloseWithShutdownError	0.05
pass	dagql	TestRenewalShutdownDrainsOwnership/delivered_renewal	0.04
pass	engine/snapshots	TestImportChainPrunedSuffix/keep_blob_true	0.31
pass	dagql	TestRenewalShutdownDrainsOwnership/active_reader	0.04
pass	dagql	TestRenewalShutdownDrainsOwnership	0.25
pass	dagql	TestValueTransferOfferCopyFailure	0.01
pass	dagql	TestValueTransferOfferOwners	0.00
pass	dagql	TestValueTransferOwnerPersistence	0.01
pass	engine/snapshots	TestImportChainPrunedSuffix/keep_blob_false	0.31
pass	engine/snapshots	TestImportChainPrunedSuffix	0.62
pass	dagql	TestOfferPendingRestartAndForward	0.34
pass	dagql	TestRemoteCacheUnusedRanking	0.01
pass	engine/snapshots	TestImportChainFailurePrefix/cancel_false	0.32
pass	dagql	TestRemoteCacheUnusedCost	0.30
pass	dagql	TestOfferPartsBeforeStart/open	0.01
pass	dagql	TestOfferPartsBeforeStart/preparing	0.01
pass	dagql	TestOfferPartsBeforeStart/running	0.01
pass	dagql	TestOfferPartsBeforeStart/evaluated	0.01
pass	dagql	TestOfferPartsBeforeStart	0.07
pass	dagql	TestOfferPartsInvalidatesSourceCheck	0.01
pass	dagql	TestOfferPartsOwnership	0.01
pass	dagql	TestOfferPartsResourcesAndSettlement	0.01
pass	dagql	TestOfferPartsInlineAndReferencedRows	0.02
pass	dagql	TestOfferPartsClosesNativeAdmission	0.01
pass	dagql	TestOfferPartsAcceptedCleanupFailure	0.01
pass	dagql	TestPartSourceSelectionLaterRoute	0.01
pass	dagql	TestPartSessionlessOwnSubset/offer-only	0.01
pass	dagql	TestPartSessionlessOwnSubset/own	0.01
pass	dagql	TestPartSessionlessOwnSubset/revoked-before-commit	0.01
pass	dagql	TestPartSessionlessOwnSubset/native-receiver	0.01
pass	dagql	TestPartSessionlessOwnSubset	0.03
pass	dagql	TestPartReadyRevalidationAndCanceledFinish/stale-donor	0.01
pass	dagql	TestPartReadyRevalidationAndCanceledFinish/cancel-commit	0.01
pass	engine/snapshots	TestImportChainFailurePrefix/cancel_true	0.28
pass	engine/snapshots	TestImportChainFailurePrefix	0.60
pass	dagql	TestPartReadyRevalidationAndCanceledFinish/cancel-finish	0.01
pass	dagql	TestPartReadyRevalidationAndCanceledFinish	0.02
pass	dagql	TestPartLazyOperationMissingOutputStopsOnce	0.01
pass	dagql	TestPartLazyOperationPublishesOverObservedRepresentation/encoded_receiver	0.01
pass	dagql	TestPartLazyOperationPublishesOverObservedRepresentation/typed_receiver	0.02
pass	dagql	TestPartLazyOperationPublishesOverObservedRepresentation	0.04
pass	dagql	TestCommitReadyPartRejectsBrokenPreparation/unsealed	0.01
pass	dagql	TestCommitReadyPartRejectsBrokenPreparation/encoded_without_envelope	0.01
pass	dagql	TestCommitReadyPartRejectsBrokenPreparation	0.02
pass	engine/snapshots	TestExportChainConcurrentCancellation	0.12
pass	dagql	TestPartReadyPreparationBoundaries/cancel-during-pin	0.06
pass	dagql	TestPartReadyPreparationBoundaries/missing-local-descriptor	0.05
pass	dagql	TestPartReadyPreparationBoundaries	0.11
pass	dagql	TestPartDecisionPreparationArrival/ready	0.15
pass	engine/snapshots	TestImportChainCandidateLostBeforePin	0.34
pass	dagql	TestPartDecisionPreparationArrival/chain	0.17
pass	dagql	TestPartDecisionPreparationArrival/second-refusal	0.13
pass	dagql	TestPartDecisionPreparationArrival	0.45
pass	dagql	TestPartDecisionInlineAdmissionAndPendingSync	0.01
pass	dagql	TestPartDecisionOfferAfterRunning	0.01
pass	engine/snapshots	TestImportChainSnapshotAndBlobPins/snapshot_reuse_after_prior_owner_release	0.28
pass	dagql	TestPartAdmittedChainLifetime/donor-collected	0.17
pass	engine/snapshots	TestImportChainSnapshotAndBlobPins/blob_reuse_before_apply	0.16
pass	engine/snapshots	TestImportChainSnapshotAndBlobPins	0.44
pass	dagql	TestPartAdmittedChainLifetime/slot-replaced	0.17
pass	engine/snapshots	TestExportChainExistingBlobPins	0.19
pass	dagql	TestPartAdmittedChainLifetime/owner-backref-sync-failure	0.17
pass	dagql	TestPartAdmittedChainLifetime/output-backref-rejected	0.21
pass	dagql	TestPartAdmittedChainLifetime	0.72
pass	engine/snapshots	TestImportChainMountedFailure/cancel_false	0.40
pass	dagql	TestPartImportChainRefCleanupHandoff/retry	0.17
pass	dagql	TestPartImportChainRefCleanupHandoff/collect	0.17
pass	dagql	TestPartImportChainRefCleanupHandoff	0.34
pass	dagql	TestPartContentSourceAvailability/empty_chain_is_scratch	0.00
pass	dagql	TestPartContentSourceAvailability/fixed_address	0.00
pass	dagql	TestPartContentSourceAvailability/unexpired_address	0.00
pass	dagql	TestPartContentSourceAvailability/expired_address	0.00
pass	dagql	TestPartContentSourceAvailability/missing_address	0.00
pass	dagql	TestPartContentSourceAvailability/non-HTTP_address	0.00
pass	dagql	TestPartContentSourceAvailability/relative_address	0.00
pass	dagql	TestPartContentSourceAvailability/renewal_key_needs_a_bridge	0.00
pass	dagql	TestPartContentSourceAvailability/renewal_key_with_non-HTTP_address	0.00
pass	dagql	TestPartContentSourceAvailability	0.01
pass	dagql	TestPartContentIdleReader/header_stall	0.00
pass	dagql	TestPartContentIdleReader/blocked_read_and_progress	0.00
pass	dagql	TestPartContentIdleReader/close_unblocks_read	0.00
pass	dagql	TestPartContentIdleReader/caller_cancellation	0.00
pass	dagql	TestPartContentIdleReader/descriptor_checks	0.00
pass	dagql	TestPartContentIdleReader/ranges	0.00
pass	dagql	TestPartContentIdleReader	0.00
pass	dagql	TestPartContentBodyClosedOnce/end_of_blob	0.00
pass	dagql	TestPartContentBodyClosedOnce/reader_close	0.00
pass	dagql	TestPartContentBodyClosedOnce/concurrent_cancellation	0.00
pass	dagql	TestPartContentBodyClosedOnce/idle_expiry_and_status	0.00
pass	dagql	TestPartContentBodyClosedOnce	0.00
pass	engine/snapshots	TestImportChainMountedFailure/cancel_true	0.33
pass	engine/snapshots	TestImportChainMountedFailure	0.73
pass	engine/snapshots	TestImportChainSnapshotWithLostHistoricalBlob	0.20
pass	dagql	TestRenewalChainControls/expired_address_renews_once	0.16
pass	dagql	TestRenewalChainControls/all_local_layers_need_no_address	0.13
pass	dagql	TestRenewalChainControls/one_episode_covers_the_chain	0.13
pass	dagql	TestRenewalChainControls/a_later_unusable_layer_cannot_renew_again	0.08
pass	engine/snapshots	TestImportImageSharesChainReuse	0.35
pass	engine/snapshots	TestExportChainCanceledWaiter	0.09
pass	dagql	TestRenewalChainControls/initial_401_renews	0.15
pass	dagql	TestRenewalChainControls/renewed_401_exhausts	0.09
pass	dagql	TestRenewalChainControls/initial_403_renews	0.14
pass	engine/snapshots	TestImportChainCanceledWaiter	0.30
pass	dagql	TestRenewalChainControls/renewed_403_exhausts	0.08
pass	engine/snapshots	TestPinSnapshotIndependentOwner	0.09
pass	engine/snapshots	TestChainContentClassification/missing	0.10
pass	dagql	TestRenewalChainControls/initial_404_renews	0.14
pass	dagql	TestRenewalChainControls/renewed_404_exhausts	0.07
pass	engine/snapshots	TestChainContentClassification/short	0.11
pass	dagql	TestRenewalChainControls/initial_410_renews	0.12
pass	engine/snapshots	TestChainContentClassification/checksum	0.10
pass	dagql	TestRenewalChainControls/renewed_410_exhausts	0.08
pass	engine/snapshots	TestChainContentClassification/apply	0.12
pass	dagql	TestRenewalChainControls/same_address_in_reply_is_not_a_new_opportunity	0.08
pass	engine/snapshots	TestChainContentClassification/lease	0.09
pass	dagql	TestRenewalChainControls/transport_error_does_not_renew	0.07
pass	dagql	TestRenewalChainControls/server_error_does_not_renew	0.06
pass	engine/snapshots	TestChainContentClassification/writer	0.10
pass	dagql	TestRenewalChainControls/non-HTTP_address_is_unavailable	0.07
pass	engine/snapshots	TestChainContentClassification/cancel	0.10
pass	engine/snapshots	TestChainContentClassification	0.71
pass	engine/snapshots	(package)	7.03
pass	dagql	TestRenewalChainControls/truncated	0.08
pass	dagql	TestRenewalChainControls/wrong_digest	0.07
pass	dagql	TestRenewalChainControls/stalled_stream	0.07
pass	dagql	TestRenewalChainControls/local_writer_fault	0.06
pass	dagql	TestRenewalChainControls/local_lease_fault	0.04
pass	dagql	TestRenewalChainControls/negative_reply	0.07
pass	dagql	TestRenewalChainControls/expired_reply	0.06
pass	dagql	TestRenewalChainControls/non-HTTP_reply	0.06
pass	dagql	TestRenewalChainControls/reply_for_another_blob	0.06
pass	dagql	TestRenewalChainControls/no_bridge	0.06
pass	dagql	TestRenewalChainControls/no_renewal_key	0.06
pass	dagql	TestRenewalChainControls	2.48
pass	dagql	TestRenewalExhaustion/equivalent_donor_fixed_address_still_works	0.10
pass	dagql	TestRenewalExhaustion/equivalent_donor_key_does_not_reset_the_episode	0.05
pass	dagql	TestRenewalExhaustion/distinct_chain_can_still_renew	0.12
pass	dagql	TestRenewalExhaustion/slot_replacement_with_rotated_key	0.05
pass	dagql	TestRenewalExhaustion/slot_replacement_with_refreshed_expiry	0.05
pass	dagql	TestRenewalExhaustion/no_bridge	0.04
pass	dagql	TestRenewalExhaustion/no_renewal_key	0.03
pass	dagql	TestRenewalExhaustion/full_mailbox	0.03
pass	dagql	TestRenewalExhaustion	0.70
pass	dagql	TestPartDecodeBeforeExternalFinish	0.05
pass	dagql	TestReadyPartDonorBackreferenceReleasedBeforeSync	0.01
pass	dagql	TestPartDecodeLosesToInstalledRevision	0.05
pass	dagql	TestPartDelegationPath	0.00
pass	dagql	TestPartDelegationProofAdmission	0.01
pass	dagql	TestPartUnusedHostAllocatesNoGate	0.00
pass	dagql	TestPartFixedProviderAndContentExhaustion	0.01
pass	dagql	TestPartOfferReplacementNotExhausted	0.01
pass	dagql	TestPartFixedProviderMultiBuffer/ranges	0.00
pass	dagql	TestPartFixedProviderMultiBuffer/full-body	0.00
pass	dagql	TestPartFixedProviderMultiBuffer	0.01
pass	dagql	TestPartFixedProviderCancellationClosesStream	0.00
pass	dagql	TestRenewalMailbox/capacity_and_deadline	0.00
pass	dagql	TestRenewalMailbox/cancellation	0.00
pass	dagql	TestRenewalMailbox/cancellation_seen_before_the_requester_runs	0.00
pass	dagql	TestRenewalMailbox/replies	0.00
pass	dagql	TestRenewalMailbox/detach	0.00
pass	dagql	TestRenewalMailbox	0.00
pass	dagql	TestRenewalEpisodeSet	0.00
pass	dagql	TestRenewalSettledEpisodeAfterDeadline	0.00
pass	dagql	TestRenewalClaimKeepsSourceCheck	0.01
pass	dagql	TestRemoteCacheBridgeAttachment	0.01
pass	dagql	TestPartReselectWatch	0.00
pass	dagql	TestPartSourceSelection	0.01
pass	dagql	TestPartOfferSessionAdmission	0.01
pass	dagql	TestReadyPartReceipt	0.01
pass	dagql	TestPartSettlementRetiresReplacement	0.01
pass	dagql	TestPartDecisionFinalSource	0.01
pass	dagql	TestPartSourceScanFailureReleasesWinner/ready	0.01
pass	dagql	TestPartSourceScanFailureReleasesWinner/chain	0.01
pass	dagql	TestPartSourceScanFailureReleasesWinner	0.01
pass	dagql	TestPartNativeCompletionRetiresOffer	0.00
pass	dagql	TestPartTaskBodyIsolation	0.00
pass	dagql	TestPartTaskContinuation	0.00
pass	dagql	TestPartTaskNoJoinBarrier	0.00
pass	dagql	TestPartGateFiniteDrain	0.00
pass	dagql	TestEvaluatePartsSiblingGroupsRunConcurrently	0.00
pass	dagql	TestEvaluatePartsOneCallRunsGroupsConcurrently	0.00
pass	dagql	TestEvaluatePartsAbandonedSiblingMarksResumeBlocked	0.00
pass	dagql	TestEvaluatePartsSyncFailureRetriesOnlyBookkeepingPerGroup	0.00
pass	dagql	TestEvaluatePartsForeignCancellationRetriesPerGroup	0.00
pass	dagql	TestEvaluatePartsEmptyResolutionRetriesPendingBookkeeping	0.00
pass	dagql	TestPendingLazyComputationWholeGroupStoredOpen/bookkeeping	0.00
pass	dagql	TestPendingLazyComputationWholeGroupStoredOpen/armed	0.00
pass	dagql	TestPendingLazyComputationWholeGroupStoredOpen/in_flight	0.00
pass	dagql	TestPendingLazyComputationWholeGroupStoredOpen	0.00
pass	dagql	TestCapturePersistedRecordValuesAndColdCopies	0.01
pass	dagql	TestCapturePersistedRecordLazyReadiness/whole	0.00
pass	dagql	TestCapturePersistedRecordLazyReadiness/parts	0.00
pass	dagql	TestCapturePersistedRecordLazyReadiness	0.00
pass	dagql	TestCapturePersistedRecordPendingBookkeeping	0.00
pass	dagql	TestCapturePersistedRecordBlocksOnlyItsUnstartedEvaluation	0.00
pass	dagql	TestCapturePersistedRecordOwnershipAndCancellation/success	0.00
pass	dagql	TestCapturePersistedRecordOwnershipAndCancellation/cancellation	0.00
pass	dagql	TestCapturePersistedRecordOwnershipAndCancellation	0.00
pass	dagql	TestCapturePersistedRecordErrorsAndClose	0.00
pass	dagql	TestCapturePersistedRecordInitialAttachment/clean	0.00
pass	dagql	TestCapturePersistedRecordInitialAttachment/failed	0.00
pass	dagql	TestCapturePersistedRecordInitialAttachment	0.00
pass	dagql	TestPersistDecodeChildLoadBorrowsAdmittedOperation/decode_context_child_load_completes	0.06
pass	dagql	TestPersistDecodeChildLoadBorrowsAdmittedOperation/public_loader_child_load_is_rejected_(control)	0.07
pass	dagql	TestPersistDecodeChildLoadBorrowsAdmittedOperation	0.13
pass	dagql	TestVisitPersistedCallIDPreservesRecursiveWrapper/[[String!]!]!	0.00
pass	dagql	TestVisitPersistedCallIDPreservesRecursiveWrapper/[[PersistCodecObj]]	0.00
pass	dagql	TestVisitPersistedCallIDPreservesRecursiveWrapper/[Int!]	0.00
pass	dagql	TestVisitPersistedCallIDPreservesRecursiveWrapper	0.00
pass	dagql	TestPersistedInterfaceListUsesInstalledInterface/without_the_installed_interface_the_declared_type_cannot_be_read_by_the_concrete_class	0.00
pass	dagql	TestPersistedInterfaceListUsesInstalledInterface	0.01
pass	dagql	TestPersistedAttachedNullKeepsOwnedDependencyAndResource	0.02
pass	dagql	TestPersistedAttachedNullKeepsRowIdentity/scalar_null_encoding_fails_to_decode	0.00
pass	dagql	TestPersistedAttachedNullKeepsRowIdentity/absence_without_a_row_ID_decodes_to_nothing	0.00
pass	dagql	TestPersistedAttachedNullKeepsRowIdentity/absence_declared_non-null_is_rejected	0.00
pass	dagql	TestPersistedAttachedNullKeepsRowIdentity	0.01
pass	dagql	TestPersistedScalarNumbersAreExact/above_float_mantissa	0.00
pass	dagql	TestPersistedScalarNumbersAreExact/max_int64	0.00
pass	dagql	TestPersistedScalarNumbersAreExact/min_int64	0.00
pass	dagql	TestPersistedScalarNumbersAreExact/ordinary_float	0.00
pass	dagql	TestPersistedScalarNumbersAreExact/large_float	0.00
pass	dagql	TestPersistedScalarNumbersAreExact/string	0.00
pass	dagql	TestPersistedScalarNumbersAreExact/untyped_float_decoding_loses_the_large_integer	0.00
pass	dagql	TestPersistedScalarNumbersAreExact/trailing_data_is_an_error	0.00
pass	dagql	TestPersistedScalarNumbersAreExact/out_of_range_stays_an_error	0.00
pass	dagql	TestPersistedScalarNumbersAreExact	0.00
pass	dagql	TestPersistedListsRebuildDeclaredTypes/empty_nested_non-null	0.00
pass	dagql	TestPersistedListsRebuildDeclaredTypes/all-null_nested	0.00
pass	dagql	TestPersistedListsRebuildDeclaredTypes/optional_elements	0.00
pass	dagql	TestPersistedListsRebuildDeclaredTypes/interface_elements	0.00
pass	dagql	TestPersistedListsRebuildDeclaredTypes/raw_nested_arrays	0.00
pass	dagql	TestPersistedListsRebuildDeclaredTypes/custom_scalar_elements	0.00
pass	dagql	TestPersistedListsRebuildDeclaredTypes/nullable_declaration_is_presented_like_a_fresh_nullable_result	0.00
pass	dagql	TestPersistedListsRebuildDeclaredTypes/a_call_without_a_declared_list_type_is_rejected	0.00
pass	dagql	TestPersistedListsRebuildDeclaredTypes	0.00
pass	dagql	TestPersistedScalarDecodeResolvesDefiningServer	0.02
pass	dagql	TestPersistedObjectFamilyDispatch/unregistered_codec_cannot_encode	0.00
pass	dagql	TestPersistedObjectFamilyDispatch/unknown_family_is_rejected	0.00
pass	dagql	TestPersistedObjectFamilyDispatch/family_must_match_the_decoding_type	0.00
pass	dagql	TestPersistedObjectFamilyDispatch/old_envelope_versions_are_rejected	0.00
pass	dagql	TestPersistedObjectFamilyDispatch/every_registered_family_names_a_distinct_Go_type	0.00
pass	dagql	TestPersistedObjectFamilyDispatch	0.00
pass	dagql	TestVisitEncodedReferencesRelocatesDeclaredPositions/a_missing_mapping_fails_without_partial_writes	0.00
pass	dagql	TestVisitEncodedReferencesRelocatesDeclaredPositions/a_mismatched_envelope_identity_is_rejected	0.00
pass	dagql	TestVisitEncodedReferencesRelocatesDeclaredPositions/a_root_reference_envelope_is_rejected	0.00
pass	dagql	TestVisitEncodedReferencesRelocatesDeclaredPositions	0.00
pass	dagql	TestVisitEncodedReferencesClassifiesStorageRoles/a_family_declaring_no_references_rejects_storage_links	0.00
pass	dagql	TestVisitEncodedReferencesClassifiesStorageRoles	0.00
pass	dagql	TestVisitPersistedCallIDTranslatesHandlesOnly	0.00
pass	dagql	TestPersistedSecondSaveThroughRestart	0.02
pass	dagql	TestVisitEncodedReferencesRequiresEveryRoleOnce/a_null_root_cannot_declare_storage_roles	0.00
pass	dagql	TestVisitEncodedReferencesRequiresEveryRoleOnce/a_scalar_json_root_cannot_declare_storage_roles	0.00
pass	dagql	TestVisitEncodedReferencesRequiresEveryRoleOnce/a_list_root_cannot_declare_storage_roles	0.00
pass	dagql	TestVisitEncodedReferencesRequiresEveryRoleOnce	0.00
pass	dagql	TestPersistAbsentRowValidatedAtCapture	0.00
pass	dagql	TestPersistInputProvenanceValidateResult	0.00
pass	dagql	TestPersistInputProvenanceRejectsMissingPayload	0.00
pass	dagql	TestPersistInputProvenanceRejectsUnknownKind	0.00
pass	dagql	TestCachePersistenceImportedObjectLoadSerializesPersistedDecode	0.06
pass	dagql	TestCachePersistenceImportedDecodeLeaderCancelRetriesJoiner	0.01
pass	dagql	TestCachePersistenceImportedDecodeLeaseSyncCancelRetriesSync	0.01
pass	dagql	TestCachePersistenceImportedDecodeJoinerOwnCancelReturnsOwnCause	0.01
pass	dagql	TestCachePersistenceImportedDecodeFailurePropagatesToJoiners	0.01
pass	dagql	TestCachePersistenceImportedDecodeStaleReaderDoesNotLeadAfterSuccess	0.01
pass	dagql	TestPersistedScalarListSurvivesRepeatedRestore	0.01
pass	dagql	TestPersistedNestedListSurvivesRepeatedRestore	0.01
pass	dagql	TestPersistedListDefersReferencedChildrenWithoutServer	0.00
pass	dagql	TestPersistedListPrepassUsesChildCall	0.02
pass	dagql	TestPersistedSelfCodecInlineListForms/[Int!]!	0.00
pass	dagql	TestPersistedSelfCodecInlineListForms/[String!]!	0.00
pass	dagql	TestPersistedSelfCodecInlineListForms/[Int!]!#01	0.00
pass	dagql	TestPersistedSelfCodecInlineListForms/[[Int!]!]!	0.00
pass	dagql	TestPersistedSelfCodecInlineListForms	0.00
pass	dagql	TestPersistedEncodingQuiescenceReachesInlineObjects/object	0.00
pass	dagql	TestPersistedEncodingQuiescenceReachesInlineObjects/nested-inline-list	0.00
pass	dagql	TestPersistedEncodingQuiescenceReachesInlineObjects	0.00
pass	dagql	TestCachePersistenceSnapshotKeepsOnlyCompletePersistedRootClosures	0.01
pass	dagql	TestProfileSkipControlsSingleflightEmit	0.00
pass	dagql	TestProfileSkipStaticCutSingleflightJoiner	0.00
pass	dagql	TestProfileSkipControlsLazyEmit/skipped_producer_emits_no_lazy_OTel_span	0.00
pass	dagql	TestProfileSkipControlsLazyEmit/kept_producer_emits_a_lazy_OTel_span	0.00
pass	dagql	TestProfileSkipControlsLazyEmit	0.00
pass	dagql	TestProfileSkipLazyCrossRecipeForcerStaysClean	0.00
pass	dagql	TestProfileSkipDoesNotBlindInvalidTargetDetector	0.00
pass	dagql	TestCachePrunePolicyMatchesLegacyRecordTypeListFilter	0.00
pass	dagql	TestCachePrunePolicyMatchesExistingScalarFilters	0.00
pass	dagql	TestPruneLogLiteralValueRendersBytesOpaque	0.00
pass	dagql	TestCachePersistableAttachmentFailureDoesNotRetain	0.00
pass	dagql	TestCachePersistableHitWaitsForCleanAttachmentBeforePersisting	0.00
pass	dagql	TestCacheErroredAttachmentIsSkippedAndReexecuted	0.00
pass	dagql	TestCacheAdoptionSkipsOpenAttachmentSibling	0.00
pass	dagql	TestCachePersistedEdgeInstallRejectsCollectedResult	0.00
pass	dagql	TestCacheOperationLeaseFailureCancelsSharedContext	0.00
pass	dagql	TestCacheSessionResultClaimAndReleaseAreAtomic/claim_wins	0.00
pass	dagql	TestCacheSessionResultClaimAndReleaseAreAtomic/release_wins	0.00
pass	dagql	TestCacheSessionResultClaimAndReleaseAreAtomic	0.00
pass	dagql	TestCacheRefusedFinalWaiterCommitsPersistenceBeforeHandoffRelease	0.00
pass	dagql	TestCacheArbitrarySessionClaimAndReleaseAreAtomic/claim_wins	0.00
pass	dagql	TestCacheArbitrarySessionClaimAndReleaseAreAtomic/release_wins	0.00
pass	dagql	TestCacheArbitrarySessionClaimAndReleaseAreAtomic	0.00
pass	dagql	TestCacheArbitraryReleasedSessionDoesNotInitializeValue	0.00
pass	dagql	TestCacheReleasedSessionErrorIncludesSessionID	0.00
pass	dagql	TestCacheSessionReleaseRefusesClaimedResultAtOperationExit	0.00
pass	dagql	TestCacheArbitraryReleaseRefusesValueAtOperationExit	0.00
pass	dagql	TestCacheWaitSessionReleaseWaitsForDeferredCleanup	0.00
pass	dagql	TestCacheWaitSessionReleaseCancellation	0.00
pass	dagql	TestCacheWaitSessionReleaseRequiresRelease	0.00
pass	dagql	TestCacheDeferredReleaseErrorSurfacesFromClose	0.00
pass	dagql	TestCacheSynchronousReleaseErrorFailsCloseDirty	0.00
pass	dagql	TestCacheCloseCancellationFailsDirtyWhileOperationActive	0.02
pass	dagql	TestCacheReleasedSessionDoesNotRecreateSpanMaps	0.00
pass	dagql	TestSnapshotOwnerSyncReadSelection	0.00
pass	dagql	TestSnapshotOwnerSyncInlineRead	0.00
pass	dagql	TestCacheSnapshotOwnerLeaseSyncDefersSessionCleanup	0.00
pass	dagql	TestScopedCollectorConcurrentPublicationCost/width128_depth1	0.04
pass	dagql	TestScopedCollectorConcurrentPublicationCost/width8_depth3	0.24
pass	dagql	TestScopedCollectorConcurrentPublicationCost	0.28
pass	dagql	TestScopedSnapshotVisitor	0.00
pass	dagql	TestScopedSnapshotDecodeCarrier	0.00
pass	dagql	TestScopedSnapshotCanonicalKeys	0.00
pass	dagql	TestScopedSnapshotSQLConflict	0.01
pass	dagql	TestScopedDecodeRejectsMismatchedCarrierBeforeCodec	0.00
pass	dagql	TestSnapshotSharingTriggers	0.01
pass	dagql	TestSnapshotSharingInstallsFromEquivalent	0.01
pass	dagql	TestSnapshotSharingPreparedSequence	0.01
pass	dagql	TestSnapshotSharingPreparedSequenceThreeParts	0.01
pass	dagql	TestSnapshotSharingIndependentParts	0.01
pass	dagql	TestSnapshotSharingDonorReceivesSibling	0.01
pass	dagql	TestSnapshotSharingTriggerSites/new_membership_without_a_union	0.01
pass	dagql	TestSnapshotSharingTriggerSites/no_enqueue_for_an_unregistered_row	0.01
pass	dagql	TestSnapshotSharingTriggerSites/lazy_completion_notifies_after_a_successful_share	0.01
pass	dagql	TestSnapshotSharingTriggerSites/admission_off_enqueues_nothing	0.01
pass	dagql	TestSnapshotSharingTriggerSites	0.03
pass	dagql	TestSnapshotSharingCoalescing	0.01
pass	dagql	TestSnapshotSharingNoJoinRefusal	0.01
pass	dagql	TestSnapshotSharingReadinessAndExpiry/a_desired-only_role_is_not_an_applied_role	0.01
pass	dagql	TestSnapshotSharingReadinessAndExpiry/an_expired_receiver_is_skipped	0.01
pass	dagql	TestSnapshotSharingReadinessAndExpiry/an_expired_donor_is_skipped	0.01
pass	dagql	TestSnapshotSharingReadinessAndExpiry/a_native_receiver_is_never_filled	0.01
pass	dagql	TestSnapshotSharingReadinessAndExpiry	0.04
pass	dagql	TestSnapshotSharingStructuralRequirements/own	0.01
pass	dagql	TestSnapshotSharingStructuralRequirements/offer-only	0.01
pass	dagql	TestSnapshotSharingStructuralRequirements/missing	0.01
pass	dagql	TestSnapshotSharingStructuralRequirements	0.03
pass	dagql	TestSnapshotSharingReleaseThenExternalFinish	0.01
pass	dagql	TestSnapshotSharingPreparationContextGuards	0.01
pass	dagql	TestSnapshotSharingWorkerBaseIsMarked	0.01
pass	dagql	TestSnapshotSharingDecodeWhileFinishPaused	0.01
pass	dagql	TestSnapshotSharingShutdown	0.11
pass	dagql	TestSnapshotSharingFailedFinishAndRetry	0.01
pass	dagql	TestSnapshotSharingCompletionRegistrationRace	0.01
pass	dagql	TestSnapshotSharingTypedServiceReceiverNeedsRegistration	0.01
pass	dagql	TestSnapshotSharingTypedReceiverFillsOnePartPerPass	0.01
pass	dagql	TestSnapshotSharingSelectsRestoredFrame	0.01
pass	dagql	TestSnapshotSharingRefusedSlotReselectsJoinedDemand	0.01
pass	dagql	TestSnapshotSharingCancelDuringPreparation	0.21
pass	dagql	TestSnapshotSharingAbortReportsAfterCleanup	0.21
pass	dagql	TestSnapshotSharingCancelAfterPublicationDeliversReceipt	0.21
pass	dagql	TestSnapshotSharingFailedFinishLastOwner	0.01
pass	dagql	TestSnapshotSharingEncodedInstallRetryAfterDecode/failed_attachment	0.01
pass	dagql	TestSnapshotSharingEncodedInstallRetryAfterDecode/partial_attachment	0.01
pass	dagql	TestSnapshotSharingEncodedInstallRetryAfterDecode	0.02
pass	dagql	TestSnapshotSharingImportTriggers/live_import_queues_the_imported_classes	0.01
pass	dagql	TestSnapshotSharingImportTriggers/a_failed_identity_plan_queues_nothing	0.01
pass	dagql	TestSnapshotSharingImportTriggers/a_failed_root_validation_queues_nothing	0.01
pass	dagql	TestSnapshotSharingImportTriggers	0.02
pass	dagql	TestSnapshotSharingPrefixCarriedOverRefusedAddress	0.01
pass	dagql	TestSnapshotSharingTypedIneligibleFirstAddress	0.01
pass	dagql	TestSnapshotSharingTypedSuccessorHoldsTheDonor	0.01
pass	dagql	TestSnapshotSharingDecodePreflight	0.01
pass	dagql	TestSnapshotSharingDonorLeaseReconciliationIsBusy	0.01
pass	dagql	TestSnapshotSharingPreparationContextIsSetOnce	0.03
skip	dagql	TestCacheContextCancel/last_waiter_canceled_fn_returns_value_still_releases	0.00
pass	dagql	TestCacheContextCancel/cancels_after_all_are_canceled	0.00
pass	dagql	TestCacheContextCancel/succeeds_if_others_are_canceled	0.00
pass	dagql	TestCacheContextCancel/shared_call_keeps_dedicated_lease_across_completion	0.01
pass	dagql	TestCacheContextCancel	0.00
pass	dagql	TestDirectDigestLookupHitsWithoutTermIndex/exact_recipe_digest_hit_without_term_index	0.00
pass	dagql	TestDirectDigestLookupHitsWithoutTermIndex/extra_digest_hit_without_term_index	0.00
pass	dagql	TestDirectDigestLookupHitsWithoutTermIndex	0.00
pass	dagql	TestStructuralHitCanReuseResultFromSameOutputEqClass	0.00
pass	dagql	TestCacheLatePersistableJoinCommitsBeforeHandoffRelease/successful_final_waiter	0.00
pass	dagql	TestCacheLatePersistableJoinCommitsBeforeHandoffRelease/canceled_final_waiter	0.00
pass	dagql	TestCacheLatePersistableJoinCommitsBeforeHandoffRelease	0.00
pass	dagql	TestResolveSessionResourceCandidatesOrdering	0.00
pass	dagql	TestValueTransferFixtureExactRoots	0.02
pass	dagql	TestSchemaModuleSelectionFallback	0.02
pass	dagql	TestSchemaModuleSelectionSkipsInaccessibleInstalled/operational	0.01
pass	dagql	TestSchemaModuleSelectionSkipsInaccessibleInstalled/scoped	0.01
pass	dagql	TestSchemaModuleSelectionSkipsInaccessibleInstalled	0.02
pass	dagql	TestValueTransferPersistence	0.02
pass	dagql	TestValueTransferCapture/concurrent_replacement_and_pruning	0.01
pass	dagql	TestValueTransferCapture/direct_and_offer_diamond	0.01
pass	dagql	TestValueTransferCapture/output	0.01
pass	dagql	TestValueTransferCapture/payload	0.01
pass	dagql	TestValueTransferCapture/offer	0.01
pass	dagql	TestValueTransferCapture/ownership	0.00
pass	dagql	TestValueTransferCapture/requirements	0.00
pass	dagql	TestValueTransferCapture/frame	0.01
pass	dagql	TestValueTransferCapture/busy	0.01
pass	dagql	TestValueTransferCapture/cancellation	0.01
pass	dagql	TestValueTransferCapture	0.06
pass	dagql	TestValueTransferReferences/dangling	0.00
pass	dagql	TestValueTransferReferences/cycle	0.00
pass	dagql	TestValueTransferReferences/root	0.00
pass	dagql	TestValueTransferReferences/extra	0.00
pass	dagql	TestValueTransferReferences/body	0.00
pass	dagql	TestValueTransferReferences/unreachable	0.00
pass	dagql	TestValueTransferReferences	0.01
pass	dagql	TestValueTransferImportPublication/lookup_at_commit_boundary	0.02
pass	dagql	TestValueTransferImportPublication/close_waits_for_admitted_import	0.03
pass	dagql	TestValueTransferImportPublication/preparation_failure	0.01
pass	dagql	TestValueTransferImportPublication/before_commit	0.01
pass	dagql	TestValueTransferImportPublication/after_commit	0.01
pass	dagql	TestValueTransferImportPublication/finite_root_expiry	0.01
pass	dagql	TestValueTransferImportPublication	0.09
pass	dagql	TestValueTransferReferencesExtras	0.02
pass	dagql	TestValueTransferPersistenceDecodePublication	0.02
pass	dagql	TestFieldsInstallMarksReflectedAccessorsTrivial	0.00
pass	dagql	TestFieldSpecResolveImplicitInputCallArgsResolvesDeterministicImplicitInputs	0.00
pass	dagql	TestFieldSpecResolveImplicitInputCallArgsPropagatesResolverErrors	0.00
pass	dagql	TestFieldSpecResolveImplicitInputCallArgsRejectsNilResolvedInput	0.00
pass	dagql	TestObjectPreselectAppliesFieldModule	0.00
pass	dagql	TestEmitHooksProduceLoaderShape	0.00
pass	dagql	TestEmitWaitVisibleToValidationOnMissingTarget	0.00
pass	dagql	TestEmitWaitNonRecordingWaiterDrops	0.00
pass	dagql	TestLazyTriggeredExecComposesUnderLazyOp	0.00
pass	dagql	TestLazyEmitNestedOverrideNoCrossStamping	0.00
pass	dagql	TestLazyEmitProducerRepointStampsDirectChildrenOnly	0.00
pass	dagql	TestLazyEmitNoProducerNestsUnderHiddenLazyOp	0.00
pass	dagql	TestWcprofLazyParentProcessorStampsAllExports	0.00
pass	dagql	TestShouldEmitCallPayloadIsOncePerStore	0.00
pass	dagql	TestCallPayloadDedupeCannotSuppressSpans	0.00
pass	dagql	TestPartSessionlessRestoredDirectory	0.10
pass	dagql	TestBasic	0.00
pass	dagql	TestForkedNodeUsesCurrentServerLoader	0.00
pass	dagql	TestSelectArray/select_all_as_array	0.00
pass	dagql	TestSelectArray/select_all_as_instance_array	0.00
pass	dagql	TestSelectArray/select_all_individual_instances	0.00
pass	dagql	TestSelectArray/select_all_array_as_Typed	0.00
pass	dagql	TestSelectArray/select_all_children	0.00
pass	dagql	TestSelectArray/select_nth	0.00
pass	dagql	TestSelectArray/select_nth_caching	0.00
pass	dagql	TestSelectArray/nth_promotion_creates_cache-backed_receiver_results	0.00
pass	dagql	TestSelectArray/deref_promotion_creates_cache-backed_receiver_results	0.00
pass	dagql	TestSelectArray	0.00
pass	dagql	TestNullableResults/nullable_scalars	0.00
pass	dagql	TestNullableResults/nullable_objects	0.00
pass	dagql	TestNullableResults/nullable_arrays_of_scalars	0.00
pass	dagql	TestNullableResults/non-null_arrays_with_nullable_scalars	0.00
pass	dagql	TestNullableResults/nullable_arrays_with_nullable_elements/from_ID	0.00
pass	dagql	TestNullableResults/nullable_arrays_with_nullable_elements	0.00
pass	dagql	TestNullableResults	0.01
pass	dagql	TestListResults	0.00
pass	dagql	TestLoadingFromID	0.01
pass	dagql	TestIDsReflectQuery	0.00
pass	dagql	TestIDsDoNotContainSensitiveValues	0.00
pass	dagql	TestEmptyID	0.00
pass	dagql	TestPureIDsDoNotReEvaluate	0.00
pass	dagql	TestPassingObjectsAround	0.00
pass	dagql	TestEnums/outputs	0.00
pass	dagql	TestEnums/inputs	0.00
pass	dagql	TestEnums/invalid_inputs	0.00
pass	dagql	TestEnums/invalid_defaults	0.00
pass	dagql	TestEnums	0.00
pass	dagql	TestInputObjects/inputs_and_defaults	0.00
pass	dagql	TestInputObjects/inputs_with_embedded_structs_in_IDs	0.00
pass	dagql	TestInputObjects/inputs_with_builtins_and_defaults	0.00
pass	dagql	TestInputObjects/nullable_inputs	0.00
pass	dagql	TestInputObjects/arrays_of_inputs	0.00
pass	dagql	TestInputObjects	0.01
pass	dagql	TestDefaults/builtin_scalar_types	0.00
pass	dagql	TestDefaults/invalid_defaults	0.00
pass	dagql	TestDefaults	0.00
pass	dagql	TestParallelism/simple_synchronous_case	0.00
pass	dagql	TestParallelism/parallel_at_each_level	0.00
pass	dagql	TestParallelism	0.00
pass	dagql	TestArrayParallelism	0.00
pass	dagql	TestBuiltins/builtin_scalar_types	0.00
pass	dagql	TestBuiltins/with_defaults	0.00
pass	dagql	TestBuiltins/invalid_defaults_for_builtins	0.00
pass	dagql	TestBuiltins	0.00
pass	dagql	TestIntrospection	0.03
pass	dagql	TestIDFormat	0.00
pass	dagql	TestIDAdditionalDigestsMergeOnSameRecipeCallInDAG	0.00
pass	dagql	TestIDWithContentDigestAddsKnownDigest	0.00
pass	dagql	TestViews/in_default_view	0.00
pass	dagql	TestViews/in_unknown_view	0.00
pass	dagql	TestViews/in_first_view	0.00
pass	dagql	TestViews/in_second_view	0.00
pass	dagql	TestViews	0.00
pass	dagql	TestIDRecipeArgIsInternal	0.00
pass	dagql	TestIDRecipeDefault	0.00
pass	dagql	TestViewsCaching	0.00
pass	dagql	TestViewsIntrospection/in_default_view	0.01
pass	dagql	TestViewsIntrospection/in_unknown_view	0.02
pass	dagql	TestViewsIntrospection/in_first_view	0.01
pass	dagql	TestViewsIntrospection/in_second_view	0.02
pass	dagql	TestViewsIntrospection	0.06
pass	dagql	TestViewsFilterNonObjectTypes	0.00
pass	dagql	TestNodeFuncResultZeroValueTypeInference	0.00
pass	dagql	TestNullResultCachePathDoesNotPanic	0.00
pass	dagql	TestCacheConfigReturnedIDRewritesExecutionArgs	0.00
pass	dagql	TestImplicitInputCachePerClient	0.00
pass	dagql	TestDefaultConcurrencyKeyUsesSessionID	0.00
pass	dagql	TestImplicitInputCachePerSession	0.00
pass	dagql	TestImplicitInputCachePerCall	0.00
pass	dagql	TestRecipeLoadBytesLiteral	0.00
pass	dagql	TestImplicitInputCachePerSchema	0.00
pass	dagql	TestImplicitInputCachePerClientSchema	0.00
pass	dagql	TestImplicitInputCacheAsRequested	0.00
pass	dagql	TestImplicitInputRecomputedAfterCacheConfigIDRewrite	0.00
pass	dagql	TestServerSelect/basic_selection	0.00
pass	dagql	TestServerSelect/chained_selection	0.00
pass	dagql	TestServerSelect/null_result	0.00
pass	dagql	TestServerSelect/array_selection	0.00
pass	dagql	TestServerSelect/array_selection_into_[]int	0.00
pass	dagql	TestServerSelect/array_selection_into_[]string	0.00
pass	dagql	TestServerSelect/error_cases	0.00
pass	dagql	TestServerSelect/null_result_handling	0.00
pass	dagql	TestServerSelect	0.00
pass	dagql	TestInstallHooks	0.00
pass	dagql	TestInterfaces/install_and_introspect	0.00
pass	dagql	TestInterfaces/recursive_covariant_return_types_are_inferred	0.00
pass	dagql	TestInterfaces/interface-to-interface_relationships_are_inferred	0.00
pass	dagql	TestInterfaces/object_must_have_every_field_required_by_the_interface	0.00
pass	dagql	TestInterfaces/object_method_args_must_match_the_interface_method	0.00
pass	dagql	TestInterfaces/object_method_cannot_require_an_arg_missing_from_the_interface	0.00
pass	dagql	TestInterfaces/interface_method_args_must_match_the_interface_it_claims_to_support	0.00
pass	dagql	TestInterfaces/nullable_list_result_cannot_replace_non-null_list_result	0.00
pass	dagql	TestInterfaces/method_cannot_require_non-null_list_when_interface_allows_null	0.00
pass	dagql	TestInterfaces/auto_Node_interface	0.00
pass	dagql	TestInterfaces/fields_added_after_install_are_inferred	0.00
pass	dagql	TestInterfaces/inline_fragments	0.00
pass	dagql	TestInterfaces/fragment_spreads_with_type_condition	0.00
pass	dagql	TestInterfaces/node_applies_fragment_type_conditions_at_runtime	0.00
pass	dagql	TestInterfaces/resolve_applies_fragment_type_conditions_using_loaded_object_schema	0.00
pass	dagql	TestInterfaces/inline_fragment_with_interface_type_condition	0.00
pass	dagql	TestInterfaces/__typename	0.00
pass	dagql	TestInterfaces/concurrent_implementation_registration_and_fragment_parsing	0.03
pass	dagql	TestInterfaces/duplicate_InstallInterface_returns_existing	0.00
pass	dagql	TestInterfaces	0.05
pass	dagql	TestObjectTypeForIDUsesModuleProvenance	0.00
pass	dagql	TestLoadRecipeUsesModuleProvenance/missing_constructor	0.00
pass	dagql	TestLoadRecipeUsesModuleProvenance/shadowed_constructor	0.00
pass	dagql	TestLoadRecipeUsesModuleProvenance	0.00
pass	dagql	TestLoadRecipeModuleCoreCallsAndLazyRefs	0.00
pass	dagql	TestLazyRefArgNotEvaluatedOnLoad	0.00
pass	dagql	TestLazyRefArgPreservesCallIdentity	0.00
pass	dagql	TestSelectIntoNullableDestination/non-null	0.00
pass	dagql	TestSelectIntoNullableDestination/null	0.00
pass	dagql	TestSelectIntoNullableDestination	0.00
pass	dagql	TestResultCallModuleIdentityIsStructuralInputOnly	0.00
pass	dagql	TestResultCallRefReceiverUsesSharedFastPath	0.00
pass	dagql	TestDetachedResultMetadataReuseAndCallMutationFork	0.00
pass	dagql	TestCacheRecipeDigestForCallMemoizesOnOriginalFrame	0.00
pass	dagql	TestDetachedReceiverSelectionPreservesReceiverLineage	0.00
pass	dagql	TestResultCallForkClonesTopLevelMutableState	0.00
pass	dagql	TestPeekRootFieldsRecoversSingleOperation	0.00
pass	dagql	TestResultCallDigestErrorsDoNotPanic	0.00
pass	dagql	TestResultCallBytesPersistAndRebuildRaw	0.00
pass	dagql	TestResultCallRefSharedFastPathDoesNotSurviveRemoval	0.00
pass	dagql	TestResultCallDigestedStringUsesAttachedDigestForStructuralIdentity	0.00
pass	dagql	TestResultCallModuleMetadataDoesNotAffectStructuralIdentity	0.00
pass	dagql	TestResultCallSelfDigestUsesRecipeDigestsForResultInputs	0.00
pass	dagql	TestNullableJSONRoundTripSetsValid	0.00
pass	dagql	TestCacheAttachDependencyResults	0.00
pass	dagql	TestCacheDoNotCacheRejectsOnReleaser	0.00
pass	dagql	TestResultCallRefRecipeIDUsesLatestSharedFrame	0.00
pass	dagql	TestResultCallSelfDigestAndInputRefsPreserveInputKinds	0.00
pass	dagql	TestCloneKeepsDistinctFramesDistinct	0.00
pass	dagql	TestCloneDedupesSharedFrame	0.00
pass	dagql	TestPeekRootFieldsRejectsBatch	0.00
pass	dagql	TestResultCallRefContentPreferredDigestUsesLatestSharedFrame	0.00
pass	dagql	TestRecipeIDMemoKeepsDistinctFramesDistinct	0.00
pass	dagql	TestRecipeIDMemoDedupesSharedInlineFrame	0.00
pass	dagql	TestPeekRootFieldsGET	0.00
pass	dagql	TestCacheAddExplicitDependencyAcceptsSessionResourceDepsAndRecomputesAncestors	0.00
pass	dagql	TestPeekRootFieldsPOSTJSON	0.00
pass	dagql	TestCacheLoadResultByResultIDIgnoresUncleanCanonicalSiblings	0.00
pass	dagql	TestNullableDerefUsesSameSharedResult	0.00
pass	dagql	TestResultCallProfileSkipRoundTripsThroughJSON	0.00
pass	dagql	TestPerClientCacheScope	0.00
pass	dagql	TestDynamicNullableJSONRoundTripSetsValid	0.00
pass	dagql	TestPeekRootFieldsAmbiguousOperation	0.00
pass	dagql	TestResultCallPBRedactsSensitiveArg	0.00
pass	dagql	TestCachePruneSessionOwnedEntriesAreNeverPruned	0.00
pass	dagql	TestCacheArbitraryRecursiveCall	0.00
pass	dagql	TestNthValueAttachedObjectResultArrayReturnsCanonicalChild	0.00
pass	dagql	TestCacheArbitraryRoundTripAndRelease	0.00
pass	dagql	TestNthValueAttachedDynamicResultArrayReturnsCanonicalChild	0.00
pass	dagql	TestResultCallArgPBRedactsSensitive	0.00
pass	dagql	TestCacheDigestLookupRechecksSessionResourcesAfterLateExplicitDependency	0.00
pass	dagql	TestCacheResultCallFirstWriterWins	0.00
pass	dagql	TestCacheVolatileSessionResourceInvariants	0.00
pass	dagql	TestCacheHitRechecksSessionResourcesAfterLateExplicitDependency	0.00
pass	dagql	TestNthValuePreservesAttachmentLineage	0.00
pass	dagql	TestCacheAddExplicitDependency	0.00
pass	dagql	TestCacheResultCallDerivedFromRequestID	0.00
pass	dagql	TestCacheAttachDependencyResultsAlreadyAttachedChild	0.00
pass	dagql	TestCloneSharedDAGIsLinearAndIndependent	0.00
pass	dagql	TestCompactEqClassesSkipsWhenBelowThreshold	0.00
pass	dagql	TestCachePruneProtectsExactDependencyOfActiveResult	0.00
pass	dagql	TestCachePruneDoesNotProtectTermProvenanceOnlyResultFromActiveResult	0.00
pass	dagql	TestLazyEmitRetryDoesNotLeakStaleWaitTarget	0.00
pass	dagql	TestRecipeMemoKeepsDistinctNodesDistinct	0.00
pass	dagql	TestCachePruneCompactsEqClassesAndPreservesLookup	0.00
pass	dagql	TestCachePruneOrderedSimulationKeepsZeroDeltaPrerequisites	0.00
pass	dagql	TestCacheDigestLookupConvertsToMissWhenProducerReleaseFailsAttachment	0.00
pass	dagql	TestRecipeMemoDedupesSharedNode	0.00
pass	dagql	TestResultCallRefResultIDFallbackStillWorks	0.00
pass	dagql	TestCacheAttachmentClaimPinsTargetAgainstForeignRelease	0.00
pass	dagql	TestCacheLoadResultByResultIDRechecksAfterAttachBarrier	0.00
pass	dagql	TestCachePruneKeepDuration	0.00
pass	dagql	TestCacheUsageEntriesAllSumsOwnedUsageIdentities	0.00
pass	dagql	TestCachePruneMinFreeSpaceUsesCurrentFreeSpace	0.00
pass	dagql	TestCacheUsageEntriesAllDedupesByUsageIdentity	0.00
pass	dagql	TestCacheHitRechecksSessionResourcesAfterAttachBarrier	0.00
pass	dagql	TestDynamicOptionalJSONRoundTripSetsValid	0.00
pass	dagql	TestCacheUsageEntriesAllReportsSessionAndRetainedState	0.00
pass	dagql	TestCacheMakeResultUnpruneableClearsPersistedExpiry	0.00
pass	dagql	TestCacheMakeResultUnpruneableSkipsPrune	0.00
pass	dagql	TestCacheUsageEntriesAllMutableUsageRemeasuresAfterSizeChange	0.00
pass	dagql	TestCacheWithSessionResourceHandleRefusesAttachedMutation	0.00
pass	dagql	TestCacheNonPersistableDropsWhenRefsDrain	0.00
pass	dagql	TestCachePersistableHitUpgradesExistingResultToRetained	0.00
pass	dagql	TestCachePublicationRollsBackWhenStructuralDepMissing	0.00
pass	dagql	TestCacheMakeResultUnpruneableRetainsAcrossSessionClose	0.00
pass	dagql	TestCacheReleaseRemovesRecordedDigestPostingAfterOutputClassMerge	0.00
pass	dagql	TestCacheHitConvertsToMissWhenProducerReleaseFailsAttachment	0.00
pass	dagql	TestCachePersistableRetainedAcrossSessionClose	0.00
pass	dagql	TestFrameProfileSkipNilSafe	0.00
pass	dagql	TestCacheArbitraryCallbackUsesOneClientScopeLease	0.00
pass	dagql	TestOngoingCallPersistableIntentConcurrentAccess	0.00
pass	dagql	TestCacheArbitraryCallbackCancelsAfterLastWaiter	0.00
pass	dagql	TestNullableDerefCacheHitsReconstructObjectView	0.00
pass	dagql	TestCacheHitKeepsGenuineAttachmentFailure	0.00
pass	dagql	TestCacheLoadResultByResultIDRechecksAfterLateExplicitDependency	0.00
pass	dagql	TestResultCallProfileSkipExcludedFromDigests	0.00
pass	dagql	TestNullableWrappedUsesSameSharedResult	0.00
pass	dagql	TestClassNewRewrapsObjectResult	0.00
pass	dagql	TestCacheObjectResultRoundTripAndRelease	0.00
pass	dagql	TestCacheDifferentConcurrencyKeysDoNotDedupe	0.00
pass	dagql	TestDerefValueForNullables/dynamic-nullable	0.00
pass	dagql	TestCacheDoNotCachePreservesAttachedReturnedObject	0.00
pass	dagql	TestDerefValueForNullables/nullable-generic	0.00
pass	dagql	TestDerefValueForNullables	0.00
pass	dagql	TestOptionalJSONRoundTripSetsValid	0.00
pass	dagql	TestCachePruneThresholdTargetSpace	0.00
pass	dagql	TestCacheArrayResultRoundTrip	0.00
pass	dagql	TestCacheDoNotCacheNormalizesNestedHitMetadata	0.00
pass	dagql	TestCacheTeachContentDigestPreservesAttachment	0.00
pass	dagql	TestCacheSecondaryIndexesCleanedOnRelease	0.00
pass	dagql	TestAttachResultNormalizesPendingResultCallRef	0.00
pass	dagql	TestCacheDigestLookupRechecksSessionResourcesAfterAttachBarrier	0.00
pass	dagql	TestCacheTeachContentDigestWithResultRefs	0.00
pass	dagql	TestObjectResultResultCallAndReceiver	0.00
pass	dagql	TestCacheHitReturnIDGetsContentDigestFromEqClassMetadata	0.00
pass	dagql	TestTeachCallEquivalentToResult	0.00
pass	dagql	TestCacheLoadResultByResultIDStillFailsWhenProducerReleaseFailsAttachment	0.00
pass	dagql	TestPendingResultCallRefRecipeID	0.00
pass	dagql	TestCacheArrayResultsRetainChildResultsAcrossProducerSessionRelease/ObjectResultArray	0.00
pass	dagql	TestCacheFreshReturnIDGetsContentDigestFromEqClassMetadata	0.00
pass	dagql	TestInputSpecsInputsFromResultCallArgs	0.00
pass	dagql	TestLookupCacheForIDExtraDigestFallback/hit_on_exact_output_digest_match	0.00
pass	dagql	TestHitTeachesReturnedRequestIDToCache	0.00
pass	dagql	TestIndexResultDigestsUsesExplicitRequestAndResponseIDs	0.00
pass	dagql	TestCacheNilResultIsCached	0.00
pass	dagql	TestEquivalencySetCacheHits/basic	0.00
pass	dagql	TestCacheNilKeyIDRejected	0.00
pass	dagql	TestExtraDigestLabelIsolation	0.00
pass	dagql	TestResultContentPreferredDigestUsesContentDigest	0.00
pass	dagql	TestCacheRecursiveCall	0.00
pass	dagql	TestEquivalencySetCacheHits/deep_chain	0.00
pass	dagql	TestClassNewRewrapPreservesModuleCacheIsolation	0.00
pass	dagql	TestRecipeMemoSharesAcrossReceiverChain	0.01
pass	dagql	TestCacheArrayResultsRetainChildResultsAcrossProducerSessionRelease/DynamicResultArrayOutput	0.00
pass	dagql	TestCacheArrayResultsRetainChildResultsAcrossProducerSessionRelease	0.00
pass	dagql	TestLookupCacheForIDExtraDigestFallback/miss_without_exact_output_digest_match	0.00
pass	dagql	TestLookupCacheForIDExtraDigestFallback	0.00
pass	dagql	TestCacheErrors	0.00
pass	dagql	TestSkipDedupe	0.00
pass	dagql	TestAttachResultAllowsAlreadyAttachedResultWithoutFrame	0.00
pass	dagql	TestEquivalencySetCacheHits/late_extra_digests_at_h	0.00
pass	dagql	TestCaptureSessionLazySpanContextFirstWriterWinsAndRelease	0.00
pass	dagql	TestSharedCallReleasesLeaseWhenLastWaiterCancelsAfterCompletion	0.00
pass	dagql	TestCacheRejectsEmptySessionIDForOwningEntrypoints	0.00
pass	dagql	TestCacheRejectsNilTypeResolver	0.00
pass	dagql	TestEquivalencySetCacheHits/multi_input_all_inputs_equivalent_hit	0.00
pass	dagql	TestEvaluateLazyUsesOriginalSpanForLogsAndNestedSpans	0.00
pass	dagql	TestEquivalencySetCacheHits/multi_input_partial_equivalence_miss	0.00
pass	dagql	TestEvaluateLazyPrerequisiteFailureMarksResumeBlocked	0.00
pass	dagql	TestEquivalencySetCacheHits/transitive_extra_digest_merge_bridge_hit	0.00
pass	dagql	TestCacheHitRewrapsObjectResultForCurrentServer	0.00
pass	dagql	TestEvaluateLazyOwnFailureNotMarkedBlocked	0.00
pass	dagql	TestEquivalencySetCacheHits/transitive_bridge_no_bridge_no_hit	0.00
pass	dagql	TestInstallSpanLookupWalksClosureOwnersUpward	0.00
pass	dagql	TestSessionResultInstallSpanContextsSorted	0.00
pass	dagql	TestEquivalencySetCacheHits/fanout_fanin_join_hit_after_repair	0.00
pass	dagql	TestSharedCallUsesOneClientScopeLeaseForAllWaiters	0.00
pass	dagql	TestEquivalencySetCacheHits/fanout_fanin_late_merge_enables_downstream_join_input_hit	0.00
pass	dagql	TestEquivalencySetCacheHits	0.00
pass	dagql	TestCacheArbitraryConcurrent	0.02
pass	dagql	TestCacheTTLWithDBUsesStorageAndCallIndexes	0.03
pass	dagql	TestCachePersistenceSnapshotOmitsSessionOnlyResult	0.03
pass	dagql	TestCachePersistenceWorkerMirrorsSnapshotManagerMetadataRows	0.04
pass	dagql	TestPersistedSelfCodecRejectsNonPersistedObjectLikeScalar	0.00
pass	dagql	TestPersistedSelfCodecRawObjectArrayRoundTrip	0.00
pass	dagql	TestPersistedSelfCodecNestedListRoundTrip	0.00
pass	dagql	TestObjectCacheHitPreservesObjectResultShape	0.00
pass	dagql	TestPersistedSelfCodecUsesSharedObjectClassification	0.00
pass	dagql	TestPersistedSelfCodecObjectIDRoundTrip	0.00
pass	dagql	TestPersistedSelfCodecScalarRoundTrip	0.00
pass	dagql	TestCachePersistenceWorkerUsesEncodedSnapshotLinks	0.04
pass	dagql	TestCachePersistenceImportedSnapshotLinksContributeUsageBeforeDecode	0.04
pass	dagql	TestCachePersistenceWorkerMirrorsAuthoritativeEgraphState	0.04
pass	dagql	TestCachePersistenceDoesNotWriteDuringRuntime	0.03
pass	dagql	TestCachePersistenceCleanShutdownToggleOnClose	0.04
pass	dagql	TestCachePersistenceWorkerMirrorsPrunedStateAfterRelease	0.04
pass	dagql	TestCacheMetadataPruneDependencySortCancellation	0.00
pass	dagql	TestCachePersistenceWorkerMirrorsUnpruneablePersistedEdge	0.02
pass	dagql	TestCachePersistenceWorkerMirrorsRetainedPersistableResult	0.02
pass	dagql	TestCachePersistenceImportHydratesSnapshotMetadataAndSyncsOwnerLeases	0.05
pass	dagql	TestCachePruneThresholdUsesImportedSnapshotLinkUsage	0.05
pass	dagql	TestEvaluatePartsRecursionRefusedPerGroup	0.00
pass	dagql	TestEvaluateWholeResultOverGroups	0.00
pass	dagql	TestEvaluatePartsFailureIsolatedPerGroup	0.00
pass	dagql	TestEvaluatePartsJointGroupFillsAllMembersOnce	0.00
pass	dagql	TestEvaluatePartsResumeSpansMarkPartialCompletion	0.00
pass	dagql	TestEvaluatePartsMetadataLeavesSiblingGroupPending	0.00
pass	dagql	TestCacheLoadResultByResultIDRefusesUnboundSession	0.02
pass	dagql	TestCachePruneMetadataEstimateCancellationDoesNotMutate	0.00
pass	dagql	TestCachePruneMetadataEstimateCancellationDuringPlanningDoesNotMutate	0.01
pass	dagql	TestCachePruneMetadataEstimateCompactionCanRestoreMaximumWithoutEviction	0.00
pass	dagql	TestCachePruneMetadataEstimateMarksReleaseAndSnapshotGCContext	0.00
pass	dagql	TestCachePruneMetadataEstimateProtectsActiveAndUnpruneableResults	0.00
pass	dagql	TestCachePruneMetadataEstimateCreditsCollectedDependencyClosure	0.00
pass	dagql	TestCacheEvidenceUnknownInputIndex	0.00
pass	dagql	TestCachePruneMetadataEstimateSkipsPhysicalMeasurementAndUsesColdOrder	0.00
pass	dagql	TestCacheMetadataPruneCandidateSortCancellation	0.00
pass	dagql	TestCacheMetadataDirectResultBytesUsesCeiling	0.00
pass	dagql	TestCacheMetadataPruneCandidateOrder	0.00
pass	dagql	TestCacheMetadataEstimateFormula	0.00
pass	dagql	TestCacheEvidenceNilCarrierIsNoop	0.00
pass	dagql	TestCacheEvidenceCloneDropsCarrier	0.00
pass	dagql	TestCacheEvidencePairingDigestExcludesImplicitInputs	0.00
pass	dagql	TestCacheEvidenceSawExpiredThroughEqClassExpansion	0.00
pass	dagql	TestCacheHitRegistrationDoesNotRaceLazyCallback	0.00
pass	dagql	TestCacheEvidencePendingLazyHitIsHit	0.00
pass	dagql	TestCacheEvidenceDoNotCacheUncached	0.00
pass	dagql	TestCachePersistenceUncleanMarkerWipesStore	0.07
pass	dagql	TestCacheEvidenceMissIncompatibleCandidates	0.00
pass	dagql	TestCacheVolatileNestedWithNonVolatile	0.00
pass	dagql	TestCacheEvidenceStructuralRouteHit	0.00
pass	dagql	TestCacheEvidenceMissSawExpired	0.00
pass	dagql	TestCacheEvidenceJoinedAndExecutedCarriers	0.00
pass	dagql	TestCacheVolatileConcurrentSessionsDivergentValues	0.00
pass	dagql	TestCacheEvidenceDigestRouteHit	0.00
pass	dagql	TestResultCallProfileSkipTravelsThroughCloneAndFork	0.00
pass	dagql	TestCacheEvidenceRecipeHit	0.00
pass	dagql	TestCacheEvidenceExecutedFreshCall	0.00
pass	dagql	TestCacheEvaluate/singleflight	0.00
pass	dagql	TestCacheEvaluate/rejects_do-not-cache_lazy_result	0.00
pass	dagql	TestCacheEvaluate/allows_already_attached_lazy_result_from_do-not-cache_field	0.00
pass	dagql	TestCacheEvaluate/recursive	0.00
pass	dagql	TestCacheEvaluate/non_dependency_allowed_while_attached	0.00
pass	dagql	TestCacheEvaluate/parallel_multi-result	0.00
pass	dagql	TestCacheEvaluate/declared_dependency	0.00
pass	dagql	TestCacheEvaluate/lazy_evaluation_without_lease-sensitive_work_does_not_acquire_lease	0.00
pass	dagql	TestCacheEvaluate/reacquires_dedicated_lease_instead_of_reusing_request_lease	0.00
pass	dagql	TestCacheEvaluate	0.00
pass	dagql	TestCachePersistenceDecodeInstallPreservesRequiredSessionResources	0.03
pass	dagql	TestCachePersistenceImportedObjectAliasSupportsChainedSelect	0.02
pass	dagql	TestCacheCloseDiscardingPersistenceDoesNotMarkClean	0.03
pass	dagql	TestCachePersistenceImportRoundTripAcrossRestart	0.02
pass	dagql	TestCachePersistenceImportRecomputesRequiredDepsFirst	0.04
pass	dagql	TestCachePersistenceImportedObjectHitWithoutServerErrors/request_lookup	0.00
pass	dagql	TestCachePersistenceImportedObjectHitWithoutServerErrors/digest_lookup	0.00
pass	dagql	TestCachePersistenceImportedObjectHitWithoutServerErrors/result_ID_lookup	0.00
pass	dagql	TestCachePersistenceImportFailureWipesStore	0.04
pass	dagql	TestCachePersistenceImportedObjectHitWithoutServerErrors	0.03
pass	dagql	TestCacheArrayResultStressDoesNotRaceExplicitDependencyAttachment	0.08
pass	dagql	TestCachePersistenceImportRoundTripObjectResult	0.03
pass	dagql	TestCachePersistenceSchemaMismatchWipesStore	0.04
pass	dagql	TestCacheConcurrent	0.02
pass	dagql	TestCacheArrayResultStressDoesNotReturnHitWithoutCallFrame	0.19
pass	dagql	TestCacheLoadResultByResultIDDoesNotReturnHitWithoutCallFrame	0.19
pass	dagql	TestCacheMixedSessionWaitersCancelDoNotLeak	0.68
pass	dagql	(package)	11.77
